Lambda,Condition Number
0.005,36.66659432401381
0.11555555555555556,2.551310822748165
0.22611111111111112,1.7928988945231115
0.33666666666666667,1.532545577559244
0.44722222222222224,1.4009056853854198
0.5577777777777778,1.3214471853113066
0.6683333333333333,1.2682756292898105
0.778888888888889,1.230197895641902
0.8894444444444445,1.2015857920484982
1.0,1.1792999700860876
